,car_id,target_reg
0,P17494612l,46.788246
1,N-1530212S,34.458942
2,B-1154399t,31.538292
3,F12725233R,35.706013
4,l-1139189J,31.118433
5,U75286923j,47.935066
6,T-7479831o,34.28872
7,B-1369793u,33.668354
8,Y-1289786X,62.970207
9,C29045893T,33.06394
10,v-1730983R,30.680464
11,I20727212Q,49.19493
12,p48812438h,46.71971
13,T-2633971l,43.9822
14,V-9683916q,51.97294
15,P68488505Z,34.972336
16,W23907639f,78.037605
17,A22674788w,34.2806
18,y-1252277z,42.22056
19,u21168983D,43.28728
20,x12753662A,46.22667
21,v-7435255a,41.071804
22,E12421362P,34.600212
23,J35738918W,33.34837
24,T16973122B,47.76818
25,p-5671458M,53.521908
26,I68086031c,68.40605
27,D69722395r,54.250298
28,X10967418c,67.880775
29,q-1489273f,42.51369
30,C-1903701S,70.488815
31,r11820515d,43.515015
32,x12397432S,36.146408
33,Q50389908q,59.391823
34,B18597537S,33.594334
35,S-9537522o,69.900444
36,a10623296X,40.397408
37,R28123139u,35.17876
38,h-1451730v,36.212482
39,d-1257449w,38.29187
40,N11419190t,31.900112
41,k63904133P,75.95316
42,J92413639E,37.06132
43,b-3875784F,71.30349
44,f15183722K,32.769264
45,c-1874297z,76.46974
46,E16971328N,43.068913
47,H18110876A,70.33568
48,P-1301418D,49.194893
49,b-9697936F,32.15004
50,H-4258275m,33.640778
51,H10655858l,32.667725
52,w-1481290E,37.121902
53,C40885722w,32.350166
54,f15625319Q,53.61611
55,B42019578p,44.56722
56,T65731704H,48.884285
57,e30424190o,68.383514
58,w-1081221i,48.322918
59,E48110445u,31.634745
60,u73256394H,51.157413
61,m17237645h,33.408794
62,q-1403429B,68.524475
63,E-1889080W,47.244133
64,b-1781291I,46.289932
65,P77959737c,47.819244
66,h17474551u,70.38859
67,d17705773B,67.47974
68,s-2080909j,56.97676
69,N18448941g,28.860792
70,P17953716g,46.445877
71,i94781425U,47.247093
72,L-2155385D,56.12053
73,Q21449479D,31.430573
74,z-1790906x,49.206184
75,C-4338027c,75.75511
76,F13621020y,32.774136
77,P-1981563m,73.48624
78,B20284663C,73.94837
79,X-5672837D,33.65199
80,f-8313064a,32.568363
81,S16867324D,45.601196
82,l81011564d,54.864147
83,T-7878324V,34.048416
84,X49290901c,32.07142
85,N15373595s,46.91656
86,g-1912309G,29.970282
87,G23848056z,42.53004
88,w-3530598y,32.043365
89,s-4092655x,75.06279
90,v60921451s,42.631763
91,A-5309696c,67.767876
92,a21437857o,32.533524
93,r-2049651S,38.53994
94,c48174687o,71.23383
95,n57986901A,44.54776
96,J43552505w,30.87544
97,X69815445k,53.781345
98,Y31463755z,44.343414
99,C-1846243L,34.132767
100,z10378875g,35.021492
101,B-1843237q,31.683872
102,I-8201538D,32.15812
103,k-7853395L,53.165447
104,H-3154020d,41.26534
105,v11532085a,36.49187
106,o-1004837T,46.855972
107,E15850759P,76.77794
108,S11046237d,32.508556
109,i19615927E,32.506275
110,h24674210l,36.73765
111,j-1003273K,70.29575
112,i18120580r,38.907093
113,t35781257E,47.748238
114,S-7977049s,49.094517
115,H10411834F,42.507153
116,o29701218V,32.690395
117,E-1304820y,32.127472
118,V56226787D,36.632877
119,I-9571675o,33.748196
120,a-1832317K,31.252981
121,H-9271579x,48.13202
122,H15689477U,72.013145
123,J-8699353u,43.346165
124,S-6497022N,33.528885
125,g11521087z,43.720467
126,Q-1114187O,34.715603
127,a-1510716r,32.22926
128,G12673775u,69.16845
129,V-1604890W,38.07784
130,o-8858693p,32.36453
131,F84870593a,35.43625
132,j17532274g,50.600323
133,l-1283385g,30.506128
134,s-2062095H,35.02098
135,X13157100E,32.651524
136,h-2273764e,49.436424
137,B-2140476J,44.142326
138,p-8263041e,35.23417
139,Y-1681893d,58.323895
140,w-1017091K,29.80923
141,M-1236720D,43.128967
142,I-7194770x,29.89016
143,m13987388S,40.520702
144,w17315089Z,46.091766
145,f-1380237E,35.703278
146,P10499796W,39.399307
147,l-1844181l,53.969727
148,g13957568L,48.778538
149,R-5598576l,45.186497
150,n59321309Q,35.820885
151,R-1193631X,32.847824
152,y-2178923H,31.026377
153,m73284992F,37.707836
154,Z-2537370X,73.34385
155,t17276860j,50.778564
156,y33047270r,35.892605
157,b-9079908N,71.09007
158,q92579907V,43.428234
159,Z94669875T,48.19513
160,M86375856k,55.655743
161,c23067621B,30.361015
162,L-1838617u,47.53751
163,s-1063517N,31.103693
164,x-1172003m,77.04788
165,Q10654514V,37.296337
166,A-3425095J,38.59398
167,F-1854480x,47.42106
168,C-1953190j,28.878067
169,l41267361i,47.391895
170,N90091958O,43.81042
171,z20306091J,41.85285
172,F94970727I,48.24573
173,M14830267a,41.979958
174,i-1101173g,40.54043
175,l-7821340d,49.545685
176,I18827052n,35.03599
177,Z14111948t,41.348442
178,T17415608q,75.726524
179,R-1068057n,31.539234
180,K-8915465U,28.774242
181,f-2804472s,41.564053
182,v-1578970y,48.356247
183,Q14003835G,48.867554
184,W14646068A,68.90049
185,o-1593719v,40.03347
186,C-4941408C,50.99009
187,x-9374675c,47.897083
188,l12294446D,70.52917
189,p15777006h,30.951445
190,w-8656872Z,57.560116
191,D66928361D,39.679485
192,p-3553707D,35.996414
193,M10807027o,34.241196
194,g12484323a,35.316708
195,Z-8212382G,57.743896
196,u79013135M,37.02915
197,m28011734J,37.786602
198,C-2143786U,41.474373
199,x-2141235A,30.720121
200,b44994738S,42.279533
201,J44930122W,34.458008
202,g32852591N,68.79281
203,G85830221c,44.061214
204,D10434254T,50.58079
205,R-1143403S,32.308693
206,N18887406C,31.038256
207,v14387491a,46.633274
208,a87403235S,43.925167
209,I-1075712g,76.02586
210,N-1087986g,73.95339
211,y-6871732c,42.372498
212,A96730234u,39.727448
213,a22064292L,62.81028
214,j-1774967Z,52.035446
215,T83338145S,50.848812
216,i21617445N,55.98303
217,p-1641833m,33.471706
218,z14656246B,51.685825
219,G-1211626R,77.35901
220,X12788823V,79.09674
221,c-1552425b,35.145763
222,w-2122585e,31.793093
223,x11964154C,32.852448
224,t20645918R,50.494133
225,z13283849d,33.68723
226,h11730518w,45.731323
227,G19948827y,59.652607
228,r43274910O,32.48368
229,e-9096071i,33.21648
230,d-8576748Q,32.740723
231,z91796444U,31.99579
232,F12654866z,51.778664
233,w-1757702F,74.20775
234,b-1234099Q,53.857574
235,v21855739r,35.854546
236,W-5904057t,32.881535
237,e-9386234g,66.90613
238,Q42074100L,35.566086
239,g-4536331j,50.830456
240,o65053979S,30.353075
241,F-4400642b,32.69954
242,X-2198546w,31.815708
243,c11345351C,63.744755
244,M-4222158J,31.43443
245,t-8913790b,33.595127
246,h-1723876L,52.801277
247,b11565616J,31.382257
248,s-1143093p,37.872597
249,F-1742867J,41.6062
250,H-1333142D,45.609875
251,h-2832462V,53.609276
252,n46152009j,31.872227
253,A41423630m,75.52152
254,w23811317g,32.44348
255,v-3129503S,47.55158
256,V-2109665o,36.65915
257,i10002840y,31.889029
258,A12420027c,74.12181
259,Q-1710310B,43.18392
260,k-5059454A,45.245914
261,P78941617w,56.52392
262,X84104929Z,66.75421
263,O-5258966R,32.50219
264,W23785130R,67.27246
265,k64987032M,28.618511
266,r-1560829H,42.742863
267,O-1114284b,49.190804
268,I-2189520Y,47.904568
269,z73740510r,35.706913
270,F-5963184s,33.593357
271,F93749838u,32.88983
272,d13287541C,29.371916
273,n12600427T,46.022278
274,R22962581A,47.959126
275,m14976299n,52.75953
276,K25148748I,44.109455
277,F17991047v,32.40941
278,U10000525B,59.55666
279,L-5185142t,41.386856
280,E22476230A,46.164856
281,y-1918667p,40.890396
282,m-8421500s,66.90733
283,i-6826693r,35.547848
284,Q-6236402F,31.108694
285,H13796940X,49.689182
286,b12824965u,44.624775
287,f25057132A,41.326412
288,q12615606N,45.046406
289,N-2546914l,75.46549
290,A-9042233M,50.583076
291,b28088953J,31.912102
292,y12090800r,32.988533
293,m-3254742y,41.7402
294,T11166103f,65.04948
295,B-1904262o,59.97911
296,d-1638909M,48.897274
297,P20002659z,35.516693
298,O21101068n,73.93998
299,I-2609382N,33.559654
300,M18031243d,32.401352
301,V81901707h,33.896393
302,H-1873611C,35.49145
303,I-4335350O,30.977924
304,a-6685201O,34.174698
305,S68517794A,46.798748
306,a-5655175l,33.753914
307,v16259071w,41.701702
308,y21090823R,53.010387
309,V16991777n,39.903996
310,E-4001328d,41.364426
311,o-3515102Q,31.639513
312,j49593847v,40.899303
313,m-1140624S,33.297127
314,I96780719P,57.45776
315,W16150857p,45.185146
316,p10336196A,32.57889
317,F-1966393f,34.037823
318,R-5073928i,42.260494
319,i-6078322g,45.095264
320,R-1797279a,45.090027
321,v-1632640v,53.162144
322,b44358202J,71.791885
323,v21606356V,43.54218
324,a89412563P,33.395317
325,C14874883N,56.895126
326,j-2557842j,53.53188
327,s-8312774q,31.66492
328,Q83650998M,33.397224
329,v-1742723N,52.637703
330,S15039720Y,50.70351
331,X-1387510G,39.36632
332,H-2809672w,33.709507
333,O16507727j,47.975136
334,I-6505525c,51.780956
335,E16516360g,45.013783
336,r-3744124X,43.986004
337,E-1660926L,30.557858
338,W41114899Y,42.20068
339,J-1224401g,29.536982
340,z-4990028V,45.069134
341,S17802902i,50.18508
342,r-5223681u,34.149258
343,y40186666v,33.27612
344,X-7894537e,49.837063
345,n18141460t,47.747303
346,T-1846242d,48.52813
347,l19641602B,31.00131
348,Q20350184W,52.932182
349,u19545404h,44.483685
350,i-2125059a,29.615929
351,u20670898G,50.833115
352,E13629887e,52.07292
353,j-8833751a,48.646328
354,l-1270744J,33.413704
355,a-1444445A,48.971413
356,F13923646T,38.378925
357,W15387724h,38.784805
358,e10833227Z,71.26736
359,O18707780M,31.803492
360,s-1070927u,33.07192
361,f13961290o,52.916397
362,I-2258340t,72.3148
363,Y-1108881y,39.079773
364,C-2407162B,42.791595
365,k-1021806U,38.63043
366,B58815481j,31.546715
367,Z-1497483y,59.593655
368,m-2038148P,42.029964
369,W20323505Z,75.203445
370,h18172982Y,54.048065
371,C-5107111N,34.58485
372,T11570167i,31.348598
373,E-2189846g,36.329823
374,J-9051627R,52.728878
375,k-1266231T,68.47676
376,e-4843883N,40.881943
377,V19603857b,37.504616
378,a10075304B,76.77428
379,j20806666W,73.65865
380,p13183205N,31.706287
381,F-1408164F,50.852398
382,f16848135A,48.861168
383,m18276402k,53.09226
384,O-4852964p,53.89446
385,p-1032774f,32.45717
386,K-2141030h,30.240314
387,x33340734F,55.894627
388,A-5539031E,74.17113
389,K-2121488X,31.126522
390,S-2104296W,49.236736
391,V-4730687q,33.870876
392,m-1018494E,56.51951
393,f12953922O,32.4161
394,a15606967c,47.417877
395,T-2050577H,32.02772
396,l21058873t,32.072716
397,S54991647N,37.3357
398,O-1778305H,60.849785
399,r-9019459m,54.161015
400,J-1701327Z,32.25732
401,W-1085488J,52.176964
402,H29930196K,33.06012
403,t17442755k,53.55445
404,N16782443w,32.80306
405,G83616598P,62.912796
406,q-7529997V,29.86973
407,m-2601611a,52.70004
408,r69432919t,34.661346
409,J85546174E,41.86575
410,F-1506247r,33.317528
411,Y21723655j,45.788074
412,Q15261602W,46.387646
413,M11261740O,45.1495
414,K50534665N,35.595886
415,Y-1015822T,55.311523
416,z-9596926C,63.580624
417,T-8671431r,29.797031
418,R-2077630y,49.84472
419,I96387228J,34.703423
420,z-9815533M,42.954903
421,I15837837J,54.78147
422,P56763603O,34.198875
423,h-1396839K,32.641644
424,r-1477676H,30.98173
425,U42030492Z,30.648474
426,h64108495H,32.065548
427,l-8882948y,31.818766
428,n-8099641m,34.83647
429,f-1164209J,46.907776
430,g-2072833K,33.5282
431,R10631147V,34.31565
432,d-1627526q,69.457664
433,k-2116384m,54.175316
434,y12532736D,41.161674
435,S18268647a,33.407578
436,D-1193769d,29.851606
437,z49508882q,36.489285
438,l13511253d,33.993176
439,y11003726G,30.401194
440,S55044905B,73.04892
441,q-1419523q,79.49604
442,i12167734p,57.67059
443,n18966581A,34.157196
444,s-2225812u,40.457333
445,g99706283N,34.859974
446,k-8065294L,47.706287
447,D-3731198o,44.81388
448,R-1511509a,45.7911
449,W-1152410B,39.09638
450,A-6746020J,47.597393
451,i62564137B,59.735126
452,V81342356X,43.592533
453,m70884293y,50.718727
454,T-1440241N,31.94838
455,J16760665u,30.827198
456,B30016393c,40.398247
457,n10206436k,47.90664
458,y15691728a,32.129517
459,j-1923026R,34.18282
460,p-2070685P,51.50799
461,e22835001P,30.906294
462,f-2044867Y,33.683784
463,Q-1914888q,40.487164
464,h-2696405T,41.881874
465,G-1153171e,37.252403
466,n-1502387M,52.539238
467,y40441306G,29.726877
468,B22246797F,58.837997
469,s14991094w,39.581905
470,a-1190397Y,34.163418
471,i11542071C,52.008907
472,l-2588047U,51.2062
473,Q16201384v,33.789665
474,w-7781882Z,30.685621
475,s77766899D,43.805336
476,z-1503313M,31.978886
477,l52568818B,42.239277
478,v-1508530W,64.07631
479,m13083528W,32.90115
480,z-1243195L,31.82957
481,b18857695O,44.81562
482,v-1905656K,54.54875
483,P-6659279q,42.87005
484,h13431746I,44.91841
485,I71388786G,34.174335
486,R-1701492N,55.32963
487,y78999678J,64.598465
488,a-1426275y,53.10823
489,L84463953R,42.438335
490,Z-2128621C,32.237568
491,M18466047W,42.242092
492,g21645452f,38.21911
493,o-1663812b,33.58011
494,Q-1984603t,38.29565
495,q23501901h,46.540344
496,d-5544396q,29.858116
497,s-7084701f,51.618275
498,g10084745U,34.13901
499,D-9891385q,56.09773
500,D11776354f,41.79836
501,B18579200J,36.432255
502,X73810314E,33.552494
503,s-2223156w,45.026653
504,D82568273x,34.454506
505,k-1107234s,38.56018
506,T-1805505r,65.57016
507,u-5015974t,49.85418
508,t-8201245H,29.308655
509,X24084222O,45.02564
510,K-1916013Q,32.01231
511,J10576054I,50.00682
512,g21476323Y,54.87861
513,J22595982W,29.133694
514,d15745111A,46.09459
515,V20296571Z,32.35642
516,t78589983m,43.795094
517,R-6055154h,34.734814
518,o-5397363T,57.900585
519,y-1784222v,34.782745
520,S-1513382W,42.49412
521,g-5563252F,42.649723
522,a-1166334r,48.113052
523,Y21096922W,35.464222
524,s10535398K,29.834734
525,Z-5188222t,38.375286
526,T22900577z,42.931244
527,i10344980A,66.03465
528,X-2263190K,30.067678
529,a-2111343W,44.234707
530,k-1183222H,31.372965
531,x42906942Y,29.392286
532,m16863308b,42.42681
533,Z10247738u,37.436966
534,i12798082E,32.963448
535,C91514695x,51.679207
536,h61870657i,47.173847
537,C-8768079q,32.25421
538,O-7894514e,61.23435
539,Z-1926882U,47.706287
540,N-3121550V,58.876217
541,z-1254537O,35.294746
542,u-1514787e,32.186584
543,n-4360079R,41.6927
544,O-2113046Z,45.669945
545,d13819532H,35.225224
546,d54261887d,33.530987
547,P-2048739B,32.276924
548,f-1825133R,31.208347
549,q-9928373B,31.59212
550,S29542128Q,64.049126
551,J-1782910O,45.15261
552,t17410389g,70.15984
553,Z17995139Z,53.74813
554,Z11671085y,47.03855
555,D-7723622B,47.747143
556,N-1539010p,43.52914
557,u54154743P,52.08241
558,j16845365O,37.252617
559,k-1171716I,31.706343
560,G81601770L,31.329184
561,K-3529763Q,32.22715
562,b-1404013d,30.959518
563,O-1398534Y,30.803305
564,l69679835h,38.37565
565,G14568186a,52.783527
566,a-9442555A,38.262047
567,G-1689492g,34.81182
568,W12690163c,32.732662
569,l17843143j,32.470142
570,Z76981204Y,33.82571
571,b16524531u,48.346157
572,P83526152o,41.566647
573,z-4612131R,29.389393
574,s50463458T,32.851864
575,u12928592s,30.690172
576,U-1897169L,69.5871
577,j-1549044A,58.940163
578,Q87875664U,74.063324
579,q13885185m,30.837431
580,C16715520C,30.363913
581,T-1727751h,56.1985
582,m27082215N,31.064154
583,e-8788520s,35.059715
584,v36899226P,37.018932
585,Y-2254716H,44.240547
586,D-3425990U,35.639954
587,b-1050475p,50.70234
588,w-1941558Q,47.10873
589,d-1134540I,44.325428
590,K30520180u,33.91263
591,q71640430n,33.514927
592,y10948537e,32.945187
593,a16152476X,30.080723
594,F-7462902B,42.22164
595,t-3967937s,40.191162
596,o-1118236T,32.001736
597,g-1760425A,37.09521
598,b-5227653R,48.663845
599,h-7408890w,32.785378
600,K70391511e,34.795
601,V13438854p,27.85537
602,g-1740147b,30.93145
603,J-1324072f,67.72405
604,g53382924v,44.032124
605,x33005281c,29.101265
606,e24148786o,41.19115
607,I-1503695V,53.06172
608,E58388206y,47.670467
609,y13484815Y,71.08102
610,R-2027359R,36.928173
611,Z17729553x,39.935047
612,H-1512213s,35.7001
613,V-1552956h,47.654125
614,H15345413o,33.466064
615,w17370680J,31.283987
616,J15476551r,62.73204
617,c-2250495g,35.621277
618,Z17599412A,41.315823
619,v57643253w,46.613724
620,V-5494479D,52.197685
621,g-1126074r,33.82458
622,Z80579540o,37.969677
623,c-7272329q,30.01191
624,z21450941n,35.8352
625,k-2034944s,46.41309
626,B-1760099A,45.326477
627,a61936474Y,30.493637
628,k86159975d,32.881886
629,A10692422a,33.71319
630,r11362699a,32.955273
631,B-5479705C,69.6297
632,I98930031r,31.902462
633,Z-1084098i,34.503014
634,b55045663j,38.07701
635,h10096493s,34.56459
636,n13675758u,55.63508
637,v-1469151Y,33.480576
638,R21100020a,30.654268
639,H-1226800z,33.478718
640,l13980749p,60.10451
641,D-1518430R,74.55747
642,h13825532e,59.32583
643,Q18803510e,31.715893
644,w69467024a,28.24133
645,a16149566K,52.26203
646,R10923215L,35.399647
647,H15481815Q,32.74247
648,C-5040526N,49.57734
649,m-2182440Q,34.160477
650,P-4006382C,39.255756
651,Y-2235574M,51.023483
652,H-1070903M,34.008636
653,w16163650F,56.564045
654,I21674635Q,32.69328
655,Q-4587219M,30.824772
656,N10540578u,37.57837
657,w-9916167W,38.097916
658,g-1742741c,33.515358
659,n-1575803E,49.124657
660,N31059484x,64.17123
661,H-1342764P,31.532711
662,X58767632q,32.268166
663,S20355997J,46.102688
664,q30806358i,59.392918
665,W-1775855Q,54.70335
666,j92079780S,34.035675
667,f63189062N,31.45216
668,x-1205366S,36.2904
669,H-1902314v,33.013798
670,f10226409O,32.545815
671,Q-4235244W,31.567425
672,P-1715787u,39.11107
673,x-1532496K,31.730011
674,s-1076835x,31.532648
675,m76785981z,50.2993
676,u-3215458S,37.846546
677,H-1919071i,66.4819
678,p-1139197T,31.511997
679,R95310344Y,44.197033
680,e22646530u,50.859154
681,o49311084b,29.727697
682,x99598782E,32.841488
683,Q-8465743r,52.63681
684,K13600113i,32.203903
685,x55379265k,29.954327
686,F-1518753o,38.30315
687,e-2020384H,47.468082
688,n-4605215n,49.906643
689,q-4584627S,70.46218
690,O78712164p,32.21937
691,j-1598707G,48.37458
692,d-1282472g,63.922497
693,h-2287342p,32.373867
694,s-7266626x,43.25973
695,z-2843006O,34.24603
696,m21557315K,31.878637
697,j18870600U,41.670345
698,H-7836096t,33.360523
699,k19151173f,48.132065
700,g-1280182Z,42.827473
701,d-6211776r,34.89859
702,u-1590555V,50.7582
703,c-1204255L,33.17929
704,f-8810014g,33.96719
705,S11009197l,30.376812
706,g-2087791I,37.269886
707,V12754137r,49.899246
708,T-1769393Z,32.387707
709,I-1117298r,75.34073
710,P90790412Q,31.410875
711,c-7401486X,32.715317
712,A21009715v,35.22703
713,P94512494l,31.437895
714,J58385372M,50.773136
715,z11059333N,48.074295
716,r13675823Y,40.714317
717,O23192334Z,36.285873
718,h72663703o,70.7903
719,u39852752H,51.222927
720,y75359172F,70.962494
721,C63413357V,50.88819
722,H-2218041i,50.696835
723,S12392431C,54.21383
724,c10273234z,76.41223
725,J-1675931Y,31.748518
726,r15326588O,32.94854
727,O22786315O,57.08279
728,M14034762V,33.687614
729,d-8796835F,67.53038
730,L-1687146I,33.058437
731,a16452738i,33.5679
732,e-1589877h,29.873152
733,w-2228220D,47.552914
734,v73920097R,34.468437
735,B10305712m,47.528122
736,w17382345v,51.53396
737,h86663077a,32.469227
738,d-1261412O,31.725695
739,N-3542587r,48.58156
740,q-1127410X,50.337467
741,m-1248909g,36.08427
742,Z-1350437Z,31.673412
743,G-7472388v,48.16033
744,K18306053r,34.57945
745,t-1389922J,46.130714
746,w13418612e,35.83977
747,d11818528X,32.645573
748,v-4393931r,42.015816
749,a15124892o,50.548496
750,l36861534V,46.537212
751,P21146775A,38.942406
752,B-8559176x,49.948673
753,s-1233979x,41.293903
754,N50018445X,44.96625
755,E-4220998I,50.372093
756,D28621238x,58.777275
757,r35592741h,32.254234
758,S-2179649Y,43.09439
759,H-1135423y,50.703922
760,J97849965O,30.135872
761,W21048865S,34.454628
762,P10539613v,44.404907
763,r-6268123s,35.373096
764,A19893808P,31.819653
765,c12458019K,41.071167
766,r16624906R,65.57706
767,s-1701601T,47.327248
768,l-2073691v,66.73906
769,s-1227750Q,35.941593
770,n-1588210t,74.926445
771,L-1950271Y,60.55448
772,L45819441T,45.623188
773,X-1102199i,52.123993
774,Y42307620l,49.884903
775,c11493622d,30.871292
776,s74743326E,32.685
777,v92032706J,33.41261
778,l40017744S,56.71599
779,F-1561156R,32.0228
780,F-3458483b,47.748093
781,Q-1573004E,54.163025
782,I18762244f,42.64919
783,x61993910W,51.0791
784,f70384121H,68.176605
785,b34607341j,48.7736
786,s-1544537d,38.276134
787,T-2651777L,32.632084
788,Z-1690934p,53.05006
789,z-1383208d,51.92786
790,F-2091675H,34.679184
791,p-1026598C,73.706184
792,C-5229733d,32.18889
793,t-5863497D,34.580894
794,F14893199L,33.111416
795,E-9761828K,40.65301
796,r-3626163O,45.978554
797,D-1975819d,51.46515
798,n86645963R,53.44407
799,I-6482386t,33.539623
800,z11959313t,49.828564
801,d19312186N,58.244164
802,C11156821F,43.565952
803,z19283639B,49.27471
804,D-1246382Y,33.104446
805,D14445025c,32.40697
806,j25666218Y,50.299232
807,E13352088w,31.397942
808,v44596260Q,42.835114
809,c13976633o,48.912827
810,z16908407t,35.804264
811,P15083043i,35.14618
812,p-7727399o,49.549065
813,W-8604738y,38.782894
814,J22352968u,45.507893
815,G-7187279a,49.228596
816,G-1183057B,42.32231
817,E-1556800P,39.451614
818,N16753727A,42.975735
819,U-1860241R,33.543827
820,f92515288W,34.508423
821,q-1553054h,46.101025
822,d-1766392g,33.535652
823,z-9268730t,43.50097
824,D-1137759f,32.579655
825,Z22301798u,48.372314
826,d-2160500k,31.307997
827,f80644426f,37.05368
828,u-1069219e,75.34165
829,V70870192k,70.2362
830,M15122410M,51.641968
831,F19935095V,37.59631
832,m92437987f,36.56377
833,o-1720442f,49.875088
834,Q-2043032T,36.74629
835,k15728070F,31.727015
836,i-4298300y,51.424427
837,C-1549576C,56.641174
838,w-8322851c,51.13595
839,H-2195683Y,32.748287
840,b20675115I,44.73256
841,w14143210k,31.486437
842,s17437438h,35.329693
843,Q12901548n,50.513634
844,I23394317X,30.675217
845,S10630331i,32.35978
846,N15239751A,54.107265
847,t11482362Y,34.19319
848,c-1160907G,30.498642
849,t17520024W,49.9432
850,G16918724z,51.371353
851,T-5518367u,36.823162
852,K-2047259i,31.882149
853,e-2894582l,32.590492
854,u-6774973B,33.556873
855,U-1642617V,35.40434
856,Z19453799u,32.14538
857,V80070476Q,45.487587
858,L-1777501Y,31.075426
859,M-3275863u,48.76606
860,D-1131723O,41.297966
861,s12292138c,31.233614
862,d-2073713s,31.900455
863,U-1440005A,32.689167
864,D17587481H,52.784935
865,O-2089662s,41.566895
866,l-1247871G,73.163376
867,Q48397067x,38.044506
868,G18135304s,40.641205
869,s52741082h,57.42196
870,R37055375H,58.251114
871,t-1505206e,75.608215
872,m-7073285w,29.157543
873,e-1963742G,37.860672
874,R41701461o,32.11866
875,P-1572930P,67.8343
876,m19821763X,45.005516
877,D-5247175p,48.19492
878,I-4491426o,29.694984
879,c-5796367L,64.521996
880,D68676642F,32.95517
881,B87840170Y,45.97973
882,E-1074824O,31.290398
883,L-2105285X,49.769257
884,A18722372t,46.278988
885,t-1655791x,43.94761
886,R26898137t,46.923874
887,x73165245L,69.68029
888,H10144433Z,43.24796
889,o-9460824A,35.173676
890,h-4056890V,33.91938
891,S71464104w,76.50105
892,Q-3414660J,53.391464
893,D24219627Y,70.22647
894,g-5564720R,51.142067
895,g-5327257o,29.419498
896,z16965935R,48.859356
897,W-5886969z,48.067657
898,Y61608416T,33.489063
899,H-5193657t,34.24623
900,r14798824O,51.557724
901,q-1329704C,44.33773
902,W-1162613s,38.636826
903,q-1451412w,54.611256
904,s10825773A,43.563766
905,W-1322764B,33.057808
906,C-1335407d,39.065826
907,Q-1854633d,46.737743
908,j12033464t,34.40195
909,x-1653730E,38.62722
910,L-1459492G,33.958305
911,A18622071d,59.631554
912,G12921056E,53.200882
913,M17587699m,34.925255
914,H11201074S,32.54228
915,g61901962A,75.5997
916,W-3006427Z,54.570076
917,f21354327c,34.451904
918,L-1435343R,32.76209
919,K-9089430v,52.221447
920,u89834900L,42.58861
921,K-6843993d,36.054688
922,g19283665q,32.244698
923,V21055732W,31.098701
924,L20847256I,41.179234
925,K20941520F,35.447197
926,s-1506268E,31.492565
927,s13306845G,57.406307
928,t14118502r,39.93538
929,l-1141377S,36.023884
930,M63300651V,39.644753
931,O-1741687v,54.846172
932,J-1064181u,31.950436
933,R-2596313V,31.650478
934,i-1845254S,35.545494
935,k-1573458g,79.46052
936,Q-7165920T,44.653492
937,K-7253573V,68.77225
938,u-2045579o,48.021645
939,o-7174642t,43.834652
940,W38257448E,42.86321
941,R15758843A,53.036274
942,j-1164533d,42.83163
943,K19878738u,43.281464
944,F-1356357a,46.783184
945,s18773736B,52.976723
946,f-2195380L,32.836163
947,I16894729d,47.088856
948,x73377373J,36.43024
949,A13983367R,52.199383
950,W90386436H,34.434696
951,d-1208731e,33.07409
952,E10689597V,54.554497
953,e18535481H,70.41052
954,C-1401160X,44.468094
955,D-8642892Q,48.90473
956,y-9607515v,73.43618
957,R39433396K,32.0185
958,o14616394R,44.244785
959,r21184266q,42.31374
960,f21015538f,36.26998
961,j18832518Q,40.476715
962,m73046504n,75.062195
963,B-9791729R,48.88419
964,k13021113b,46.249283
965,G89078774t,42.672043
966,r-1060256J,52.931393
967,F-1410401k,50.62133
968,S12437589H,40.222496
969,o-1474795Y,51.965855
970,v-6600194g,33.499073
971,e69316734g,49.78163
972,F14045081A,35.002396
973,p-2049920L,36.647778
974,Z-4995244V,37.514507
975,Q28342682U,46.125996
976,i20932780E,45.110016
977,T-3474422m,34.81394
978,A-2251370Z,46.85825
979,a13118905A,38.6646
980,o-5518912i,37.143154
981,r13112137S,50.86484
982,L-1172603K,37.649204
983,F15323913w,33.29325
984,b41466140L,32.339127
985,H-1126826u,48.49084
986,S80787227y,33.94591
987,g62902770K,79.84138
988,c21339742C,36.45605
989,o-8291576Q,76.86319
990,A16177147F,34.948692
991,V-7911017W,50.13605
992,I12484436u,37.89536
993,u-2985309w,49.17589
994,i-7675958l,49.92123
995,Z-2003336X,35.39805
996,R17548053Q,47.083668
997,T-3625019V,54.416943
998,G58798171H,31.814034
999,X14239142s,44.189056
1000,W-1663352r,30.65748
1001,R10053414j,32.037518
1002,E11344405c,33.10834
1003,E41968356d,62.321064
1004,n-1774226C,47.498104
1005,v50135109z,31.868317
1006,v-2502243y,33.564125
1007,k81607148Q,58.468433
1008,y-1159389K,41.994904
1009,Z-9551096Z,33.002285
1010,z73398830W,34.16089
1011,S-2180379V,31.644133
1012,Y19585916c,45.102116
1013,F-1772949E,41.637463
1014,N-4056140F,29.505322
1015,M20457206h,54.979485
1016,f-2054559Z,34.133045
1017,C-1947908i,32.603558
1018,Z-1004053E,34.231255
1019,E16706596Y,33.38641
1020,L-1236498L,33.1117
1021,M21428480q,70.83563
1022,g34212838O,73.92579
1023,i77678921h,47.917137
1024,s-1993335Q,44.532784
1025,w-1217800P,73.44091
1026,m-4445026W,30.380573
1027,w-1020644b,77.262085
1028,r-1878207s,50.390423
1029,S-2803516o,47.680397
1030,g31689700a,72.298454
1031,L-3828198a,71.74505
1032,p-2023967W,40.282864
1033,R93384932a,33.684025
1034,o27482006r,70.864494
1035,o69465373z,50.053844
1036,x-2214584G,29.687113
1037,F16677411t,46.738995
1038,B-8278342d,46.43913
1039,w14795716n,46.663715
1040,q21418139n,42.425983
1041,k58875945X,39.0447
1042,E10178721V,70.087
1043,y54427123h,36.048786
1044,N-1116467g,42.393936
1045,L-1098436W,34.286495
1046,K15170901N,51.2728
1047,y-1741356P,43.50248
1048,z-4349749h,35.823185
1049,y-6566782r,31.174265
1050,T-1729770o,56.45937
1051,V-8483576f,41.24641
1052,a39440404D,32.13681
1053,i51467047f,42.89576
1054,H-1369852D,76.3992
1055,M-9668613M,33.66235
1056,q-1575533Y,50.02628
1057,F-2122411I,31.078194
1058,c-2121060b,35.06483
1059,H22186863I,42.896427
1060,d68073068W,42.414814
1061,D-7066589I,49.820957
1062,o11670334e,66.893166
1063,G-1501141U,55.796135
1064,x-6577654c,35.464737
1065,i22784686n,32.409264
1066,Q36627447o,52.278316
1067,a-2079734V,50.824722
1068,P17112537M,55.12585
1069,I-2947258i,36.357265
1070,d-7058280z,78.6291
1071,V-6734711I,31.577745
1072,x16070571D,33.56133
1073,A99628604w,32.810966
1074,c-3559292Z,32.64293
1075,D-1642232Y,33.37993
1076,H-2177827U,59.459743
1077,t43860654e,46.171867
1078,O-2567044a,31.216742
1079,y-1456481W,51.296635
1080,F-1311521c,31.423407
1081,W-1338521Q,31.322498
1082,S21521405j,48.4363
1083,j-9167677u,52.670246
1084,E22045798o,47.013332
1085,i15589390k,30.681084
1086,l15227760Q,54.852745
1087,h-6100646F,49.880703
1088,L-2071083z,48.351334
1089,Q-1583701a,36.190636
1090,J-1966936j,59.532528
1091,p97277001v,37.731842
1092,A-1959167m,32.343155
1093,b-1232634R,31.939926
1094,C14499779J,32.093586
1095,A-1900042l,31.968845
1096,D47614465T,32.229786
1097,i55328849i,74.21971
1098,L14501903b,44.708263
1099,U61603538T,33.61858
1100,Z-2000448T,30.648052
1101,V21733186R,75.13621
1102,x38176093d,31.576345
1103,S-1872523D,38.050175
1104,U-9105241l,43.84855
1105,d-1067020V,50.174553
1106,T13652201h,34.624268
1107,v83124010d,53.45889
1108,c-5320374q,49.433693
1109,P-5877829p,43.43524
1110,K-4097683X,31.34229
1111,X73607704q,53.983654
1112,d-1645612W,47.987396
1113,M-1949772G,43.54702
1114,d-9809366C,55.26166
1115,v-9133799l,69.49365
1116,j16496771g,49.459267
1117,p98074932P,70.52445
1118,G-1685085q,37.474586
1119,L-1156474z,54.647537
1120,n-7286817N,30.617073
1121,G17139758L,30.10232
1122,M-4377864u,52.09115
1123,u10884582m,35.743317
1124,c-1819930r,54.89258
1125,I-1016418u,44.831833
1126,f-8509753a,38.538548
1127,f10270915c,33.82112
1128,I50788104J,38.128075
1129,m-1618295c,67.884056
1130,Q11656086H,34.781456
1131,b17685766M,39.216763
1132,n19528133d,34.506794
1133,I-2222955D,65.669365
1134,U14909638n,48.876926
1135,P19518709T,32.300575
1136,V-1888434u,48.285225
1137,R53321573r,30.02053
1138,U12552466o,39.657486
1139,m21172670I,35.85866
1140,d71004474f,38.02015
1141,n-6003131B,29.576437
1142,w45505269O,32.53599
1143,v22456431E,39.881847
1144,D20302252H,34.991135
1145,E-1789284H,45.347244
1146,F21755120L,34.34982
1147,y-2096513h,31.682518
1148,X38064587K,67.71167
1149,j36860430F,50.70166
1150,M-1188559U,32.734196
1151,M-1057522s,64.19485
1152,r-1767573M,34.651688
1153,N-2165696F,30.491772
1154,l-9002229j,60.33307
1155,Q13796033u,51.06854
1156,E20487110v,45.915947
1157,U54007251T,49.327614
1158,k-1001578G,48.875664
1159,m-1316228Q,35.1393
1160,x38424933t,52.539036
1161,z42577454j,51.570076
1162,h15726678G,44.11724
1163,J-2100035F,31.468449
1164,u12997600r,47.736916
1165,G-1444514J,48.008427
1166,r80685540h,52.44921
1167,i-2886682y,31.067373
1168,U12958604d,30.448051
1169,Q-2285147y,30.964582
1170,d-5980296U,43.766132
1171,r-5694899j,52.907547
1172,y-3995748C,47.26952
1173,H-1417790G,55.467842
1174,h66072023A,52.054554
1175,m-8844106y,31.811497
1176,V-3922506p,73.19191
1177,P-7215920v,33.41564
1178,v-1334609Q,75.61139
1179,y-2901647k,34.481895
1180,P41449662O,36.554493
1181,N17048798L,47.081562
1182,o-3239309x,74.01175
1183,f-4517248O,70.7376
1184,i20236215k,69.50337
1185,c-1909821W,47.754807
1186,S-1058341S,43.046143
1187,Q27397166k,30.304014
1188,m-2234361C,74.49243
1189,y-1310937L,38.62892
1190,h11115340f,33.360992
1191,C-2095125S,41.466522
1192,H-1012725h,43.40245
1193,A-5953942h,32.025505
1194,b-5677746H,31.257622
1195,b-2174248s,32.879723
1196,J-1468143m,50.084385
1197,d-1590616X,32.298916
1198,A-2010794j,34.33367
1199,S10025512H,46.893898
1200,F62717656N,69.057755
1201,Q-9015964Z,55.807156
1202,e60616052a,33.20926
1203,O-1094429s,35.391964
1204,G-3730407g,65.29766
1205,W17258092O,52.017277
1206,Z-8046890f,31.153778
1207,C-1531638p,64.98763
1208,b16129006F,53.948875
1209,O20309077v,34.696503
1210,G-1150322W,76.926285
1211,v-1523714V,39.571064
1212,m41491349u,33.20407
1213,N-2592617I,51.066166
1214,b15147844G,42.485416
1215,J-1119809Z,30.941614
1216,x13343580w,34.80277
1217,R88463379h,44.028584
1218,w-5790710u,51.5902
1219,w20420004F,33.64972
1220,J-9110297t,38.584324
1221,E15110775p,46.212124
1222,j-8044553g,31.402218
1223,F16044963S,32.32895
1224,R91630921n,30.453342
1225,A-3836077o,32.732517
1226,s-2202835E,45.48875
1227,O-2222377Z,36.676937
1228,s22484554J,35.580383
1229,D88984934M,69.1948
1230,X19668940Y,30.684618
1231,D-1808806N,35.555996
1232,j18586699W,47.427803
1233,H69080088J,44.030384
1234,n12252517h,30.736572
1235,i-1711813H,70.64469
1236,S10721675C,48.500847
1237,X-2170601O,33.088173
1238,i97387429H,51.621334
1239,d22008645E,51.633743
1240,n-3455333h,48.12632
1241,B23739608U,32.605682
1242,F-4198459W,42.482723
1243,B-4284440k,51.613014
1244,G-6904316x,33.281517
1245,N-1095600Q,34.11755
1246,D-1029823M,57.54642
1247,d88026009F,47.294186
1248,P-1279354K,50.555058
1249,S-2221955m,54.767952
1250,U-2195930Q,33.911102
1251,L-1748371J,30.814844
1252,C-1092574s,52.847443
1253,x78336615j,66.94035
1254,d22823530e,41.64094
1255,f-5599112Q,75.94126
1256,w12601279c,43.146317
1257,O12999011Q,32.778828
1258,D39654489v,36.93769
1259,G-1119002U,34.753506
1260,x-1331259n,52.608395
1261,x-1366202T,45.638214
1262,e22337672e,45.984756
1263,h11974580h,47.677288
1264,b-1924728p,53.391464
1265,t-8150753L,47.196606
1266,i16707497b,44.635212
1267,d40778348c,35.092445
1268,x-6745292f,31.904251
1269,Q-1197469B,31.708649
1270,y19339480p,32.53714
1271,E-1574398v,36.984795
1272,F-1541843G,44.639923
1273,J-1898029b,36.67086
1274,i-2267354V,45.56704
1275,z-1706928C,76.239426
1276,h16480906Q,31.866135
1277,b20875811r,52.204903
1278,g57509660G,52.52805
1279,i10233407e,38.381866
1280,b-1633141B,44.129913
1281,r44343477P,70.01321
1282,X10140728m,40.191982
1283,u60678999S,33.530914
1284,X66836862t,48.369713
1285,r-2626717n,66.87524
1286,l25990633r,44.37367
1287,o16159959N,75.0229
1288,P-8366433v,47.29962
1289,D-1742188V,32.486507
1290,q15163647k,33.73612
1291,m-1582917S,34.94999
1292,u15259964F,49.83482
1293,M-1332669r,30.848223
1294,F-2033009p,38.263638
1295,w15256527O,47.25005
1296,v-2214221g,51.632652
1297,u-8176531i,62.536274
1298,B44546931a,45.319096
1299,C-3329059P,35.7319
1300,z48466812V,47.93841
1301,N91717170a,48.626343
1302,h10197943p,32.089493
1303,f-1804114y,34.123363
1304,y65839268d,59.69734
1305,s20690018N,38.837364
1306,Z16406378j,51.779697
1307,r-6401544e,29.545948
1308,A74571031O,30.111803
1309,I-1022513U,47.5255
1310,M-1528828l,40.113514
1311,w-5395626f,54.220966
1312,U15424894F,36.583466
1313,X-1521550g,60.82418
1314,b-1756095Y,42.350613
1315,S-4942615g,47.887367
1316,a-1170299l,45.506783
1317,W20898223q,47.906506
1318,u13780325P,32.544453
1319,q35175771e,47.992687
1320,K81291347a,70.552605
1321,G15557106t,59.87592
1322,y21647488o,50.5562
1323,O-2154805o,52.371773
1324,D11355691L,64.530396
1325,t60412618s,30.84872
1326,M15952724y,49.963108
1327,k24372320c,51.91968
1328,J16859061o,42.542618
1329,M11049568F,32.96337
1330,z11525648X,53.47733
1331,u41400760y,70.824905
1332,V48666541E,45.86218
1333,t-1305628R,44.73725
1334,F20989471t,28.888527
1335,G19704655v,41.85012
1336,h-1084715m,77.122696
1337,X13848460A,45.23443
1338,H49107775b,35.047367
1339,V-2127600s,36.234634
1340,M-2221760V,35.2603
1341,w-2040826k,37.69368
1342,Z15550264W,70.5867
1343,b-8727186X,69.650406
1344,g10838650B,34.733532
1345,d19534101p,76.462746
1346,j-8523085j,33.94603
1347,Y-2259833v,69.44655
1348,y40076926G,37.520393
1349,m21197630U,72.80356
1350,J-9282883I,66.60841
1351,y-1593526o,49.020504
1352,R18548797W,73.51695
1353,M78454309n,30.820345
1354,H-1952766q,53.33029
1355,O-7318695N,40.89832
1356,Z-1382353b,37.41767
1357,y33995729F,74.3635
1358,A-1931285c,30.074669
1359,b-4023465w,79.40051
1360,y28247093F,67.52503
1361,b-2099867z,33.141018
1362,N13810671e,47.68952
1363,M-1208274P,37.23181
1364,E94491875l,53.703568
1365,p14296940a,33.58157
1366,e-5032325d,30.7929
1367,f-2278644T,46.55469
1368,N-1449511Y,61.3005
1369,R72473068v,42.74399
1370,K15727484r,46.33656
1371,x-1530392k,51.2198
1372,m14032324U,38.049286
1373,o-3502321X,31.862778
1374,M-9369867A,49.426098
1375,e-1176726O,54.995857
1376,F-8971471f,30.03235
1377,w16001206y,31.151447
1378,T24942626H,39.24413
1379,Z-9250568A,33.555668
1380,R20946794F,46.890213
1381,y-3708778R,38.1776
1382,d-7461024X,40.564037
1383,r-1304067j,32.42169
1384,M-1727464u,30.947002
1385,X12353297J,31.860363
1386,t19399198h,68.023575
1387,a-2221133L,59.2143
1388,n15134422D,75.1376
1389,e-1041702t,72.01686
1390,Q-1108615n,49.048965
1391,r67742622z,48.365105
1392,Y77630283F,49.93618
1393,I-8740476B,52.758343
1394,f12831819d,47.828495
1395,y-2117938S,36.767673
1396,X13552128w,45.83711
1397,m89915934c,31.028158
1398,u12923191V,32.90322
1399,g64040787A,34.430084
1400,B53432209f,34.329163
1401,Q18090458O,36.357235
1402,v11087640F,64.760185
1403,s-1018199L,48.603436
1404,T15119744o,36.42947
1405,E-2442116D,29.46341
1406,l93168360C,54.857773
1407,Q52925581k,52.286102
1408,k11571129f,42.233727
1409,K18787489X,46.900864
1410,i17417440r,36.83216
1411,H-9338402M,51.736744
1412,e18576123A,77.83307
1413,L93331905w,53.390377
1414,G18790404J,31.737299
1415,H19063606t,45.80111
1416,A82111385d,33.627182
1417,l96257336G,37.966515
1418,c31569057o,42.17286
1419,O-2283230Y,37.008835
1420,B-6097000E,31.128695
1421,s-8423183t,76.3519
1422,p16672632d,35.35263
1423,J11698270E,47.79633
1424,G22172959I,30.827772
1425,I21909345v,33.922997
1426,m13540768n,42.751526
1427,N-2047707A,50.886837
1428,q15473703P,31.348408
1429,b28091206k,32.89596
1430,d-2060227V,46.507954
1431,D23788223O,35.52108
1432,k-1947529W,55.159874
1433,b-9715554C,36.090076
1434,q-5271670J,45.50026
1435,u12970971g,46.54944
1436,n-6059768d,63.90032
1437,L22185348p,37.90628
1438,O13331241u,43.113304
1439,L16141312N,35.36507
1440,W38697890A,29.68885
1441,u-2120761B,53.33649
1442,c66464279D,65.813484
1443,e13156563s,33.33608
1444,T42238184L,55.830166
1445,D-1336442P,32.783173
1446,E-5337479S,43.98149
1447,X95516419Q,33.2043
1448,H-2355000g,29.518383
1449,s-5301854b,69.60761
1450,u-2940182P,34.095196
1451,G-9079594w,41.70022
1452,Z20606311h,40.774616
1453,t-6922750L,43.006943
1454,Q21391218q,34.95215
1455,u12977186v,55.561813
1456,h13802624r,45.487526
1457,I-1538597J,35.35879
1458,X11025811v,42.691708
1459,S-2294339s,69.47397
1460,g13118176m,46.039967
1461,S21991071M,70.13295
1462,L10129399Y,59.16776
1463,Z13161380J,31.209751
1464,J-6052671x,43.08076
1465,e11908473n,41.41879
1466,U-1131662Q,33.233295
1467,h54754410l,34.640644
1468,w68053735H,62.38277
1469,A31292617m,63.29733
1470,V45384349q,45.91537
1471,k-1087627k,31.253855
1472,Q-1888317Y,37.166405
1473,Q-1456372K,34.419804
1474,S19572879o,29.75611
1475,j13287780b,31.515945
1476,X-1427883w,40.543724
1477,t12980699M,33.70582
1478,K-9081250O,29.862097
1479,N96928373A,62.685894
1480,r19349335d,64.34034
1481,D22898421E,36.253143
1482,A-7650056Z,42.40235
1483,B-1572757V,31.967083
1484,D11212854M,29.940891
1485,H62136397R,45.984344
1486,n16749457W,31.529919
1487,c-1411220k,31.634924
1488,g-8950344h,50.523235
1489,g28465883Y,30.390059
1490,O-3470382z,41.433136
1491,C-7657933N,44.6282
1492,n-7904705X,34.130203
1493,E-2002668A,44.446087
1494,E15401424s,53.019024
1495,Q-1558145Z,73.37038
1496,j-1474542d,37.098743
1497,J51767292L,49.556805
1498,M-1609284U,40.39613
1499,O32025767k,49.389816
1500,G-4998152Q,29.588797
1501,d-8684879I,48.15587
1502,c11762411c,33.77733
1503,T61957630q,49.50091
1504,e-1246632H,31.773445
1505,a96529450S,38.852985
1506,m-1300432a,34.652946
1507,H-1232380o,53.61383
1508,U18643336W,48.246834
1509,E42133174Y,45.407677
1510,N-2173692X,46.52246
1511,O15299283X,35.028137
1512,Y11513708Q,42.965588
1513,I14426935X,29.818865
1514,L-1576450f,32.813553
1515,L-2066997I,40.460644
1516,g20198311v,46.921535
1517,K-1750463c,32.768982
1518,A48818516t,32.330647
1519,b12102660G,78.08755
1520,C-1721101w,73.504555
1521,L21617225g,47.624577
1522,y18690561q,29.084465
1523,Z-2044688T,46.26729
1524,w-3300489y,56.747574
1525,o43682483i,46.519047
1526,p-2177230P,50.61097
1527,d53962651M,47.405624
1528,h-1079130a,43.70604
1529,d-1063018h,42.952602
1530,e12616376T,68.89286
1531,g-1997866b,40.97109
1532,p22351271i,51.28921
1533,s18801959g,52.39037
1534,W-1146682H,50.738262
1535,Y21010106g,31.834084
1536,N-1493098E,54.48736
1537,a16757494v,45.927326
1538,L31333870v,40.409023
1539,O-1116026m,32.335247
1540,a-1327017v,73.87018
1541,J32481265i,31.350737
1542,u-7465003y,51.367218
1543,C-8282660x,76.7079
1544,z-1194508g,44.490643
1545,M17131119X,32.67323
1546,A16430015I,43.75034
1547,T21560454W,40.200844
1548,d-5044364D,32.6971
1549,A-4567027H,33.767048
1550,l14731037p,30.823156
1551,j21216284z,35.00905
1552,w18663416B,49.565857
1553,N-1067764s,48.476677
1554,a96316507d,43.996696
1555,Q-2863519f,43.283558
1556,R-4412745F,65.427124
1557,w-2100178z,41.677864
1558,N12140841u,45.706703
1559,v-2217035r,40.7642
1560,j22675199u,30.92081
1561,Y-2060323c,36.208675
1562,H-9946877t,50.04585
1563,V24408620j,58.73927
1564,D20994817l,30.310091
1565,d-5916656a,47.473198
1566,r-1888435Q,49.74172
1567,s-8011046y,57.076694
1568,l-8338225N,35.140995
1569,N17651234L,64.30092
1570,t-1660621F,30.787533
1571,A-4300243z,32.182053
1572,Q-1531120K,71.13001
1573,b14483061v,29.67863
1574,p13496102g,38.0253
1575,f-3084055k,44.619022
1576,b-7106735g,37.63882
1577,B-5818398M,54.79684
1578,k-6134216L,54.205208
1579,q-8983496T,32.2601
1580,c21152319h,33.74329
1581,u22537189s,46.78316
1582,S42898575W,33.07148
1583,u-2592615u,45.21111
1584,U15973213W,39.121704
1585,a-1555492o,33.082504
1586,T17948597q,49.48307
1587,K-1596430s,47.526997
1588,t70806905i,51.80607
1589,Q-8927952V,33.698967
1590,b-1699417D,34.91162
1591,l-1528999M,38.4124
1592,i-1075099j,39.193886
1593,g-1203735u,55.842754
1594,N68342352J,66.32036
1595,t19684834s,70.409546
1596,P28960538x,33.218494
1597,k70721764Z,45.772865
1598,P35164993z,67.85516
1599,v-1084231t,40.448086
1600,P62164543W,39.28088
1601,V-1603027E,72.49755
1602,r-3939023a,36.217785
1603,D-1008484E,33.722263
1604,Q-2192864t,33.545414
1605,m97152459x,45.654568
1606,n79502261g,77.50259
1607,I-1934004o,42.249508
1608,w-8712305w,60.608643
1609,t19569988O,55.455288
1610,w-6743502g,55.092705
1611,e17224457A,32.715916
1612,N25093826z,37.77469
1613,k53344668C,35.315155
1614,c18837598f,33.648014
1615,o55235221X,33.034332
1616,x83440968Q,38.62878
1617,a-2129214S,36.406998
1618,O16337155M,42.212376
1619,o-1780770o,43.818207
1620,O-1008421H,50.784588
1621,a33313854t,30.420155
1622,M45840955U,57.695084
1623,q22701640I,44.380295
1624,J-2186173q,37.610497
1625,T-9875021z,66.12517
1626,B16049866X,40.973885
1627,i19613288g,48.704044
1628,P52156891U,45.447483
1629,q-1768505B,53.232048
1630,D-1867285e,35.10619
1631,l-2092770w,33.938465
1632,Z15287780R,49.13069
1633,O18471034K,54.878185
1634,p20324322c,47.269554
1635,p-8776685b,49.19596
1636,A12568692Y,33.955597
1637,G62487539y,31.621832
1638,y-7520188c,53.214626
1639,U-3855489z,41.160076
1640,j47796305l,33.357124
1641,S-6466908z,50.736717
1642,Z-2472770a,36.176506
1643,B72054123K,32.822685
1644,P63973841b,34.370872
1645,u95341442h,33.405922
1646,z-5617263I,54.064724
1647,s-1440522g,34.584446
1648,w-1350890O,53.75488
1649,b-1785569X,29.700846
1650,N17581389s,62.006927
1651,Z-6866329f,39.47112
1652,a15357539b,45.23095
1653,y-1168665M,32.383892
1654,X-1688379x,41.758015
1655,Z73577393A,72.44903
1656,r-1140095D,52.513344
1657,k17692433t,34.45733
1658,a-2924229p,36.356865
1659,I19994305a,49.11018
1660,R16189354h,44.580727
1661,f61508634I,32.56963
1662,S56454866u,58.309937
1663,u-2542978x,37.688465
1664,p36642359W,30.29888
1665,z22596029p,63.931236
1666,j13578702a,39.66949
1667,m41690051B,32.956646
1668,C-1990447o,66.9322
1669,f17350995b,48.373695
1670,A13722291q,57.212265
1671,c-8926473m,31.668383
1672,R-1161362E,60.69965
1673,E-1829228V,47.57769
1674,f-1106666p,41.650173
1675,B-1345652W,30.472584
1676,e-3819053E,49.70657
1677,H12470081t,72.722305
1678,Y-2395041a,32.528137
1679,m-6830168g,51.498592
1680,n-1048550o,44.448044
1681,p-4620845q,31.670788
1682,z-1908457z,78.81227
1683,r11798594T,31.366795
1684,n-1078109P,37.283577
1685,g21697086z,32.975204
1686,i-3020701S,47.584873
1687,B51449710T,42.809338
1688,G17715538Y,36.87499
1689,d85134463X,32.837288
1690,M-5383474I,41.84735
1691,u79799419P,42.81563
1692,h20236568A,68.83899
1693,Q-1319605b,34.058968
1694,d-1613102p,36.549744
1695,S41123157J,30.150978
1696,x-1174319N,45.393627
1697,V-1073406u,44.50904
1698,V21379614l,47.88863
1699,z-3747302L,48.16141
1700,y-2605432W,34.55159
1701,g21854185N,32.086407
1702,E98324062j,51.236095
1703,Y97110971P,74.135826
1704,X-3262812p,45.09989
1705,H-1041344f,32.257465
1706,c96102825T,29.516483
1707,F-8514150E,73.17263
1708,n14484446O,40.522293
1709,H72378904z,29.904951
1710,U22558213g,32.535477
1711,e-1228757n,46.332806
1712,L-5297416Y,45.451675
1713,j-1143057h,32.248108
1714,p-1573015A,28.871237
1715,U65662686c,32.90628
1716,S-4820484y,31.04523
1717,g-8761468w,62.07976
1718,Q-6145494U,32.483315
1719,W10708735F,33.263084
1720,p17325319H,56.52392
1721,F-1510394i,74.24703
1722,C58608888l,32.946186
1723,d-2253716j,42.166126
1724,x16453445a,73.98393
1725,I66859230r,31.735605
1726,P64817824s,76.8207
1727,g-1168593W,61.779606
1728,K22750834U,72.526566
1729,I-1242074u,53.42308
1730,F-3351081U,28.619436
1731,F19447831G,31.40863
1732,s-1689007T,34.171238
1733,k10152000a,43.32612
1734,H12617664T,37.86147
1735,t-1064471J,31.132824
1736,t-2197360k,45.288143
1737,d-2120346e,34.58868
1738,O-1642949k,31.274908
1739,Q53125922U,32.64715
1740,b-1461155F,43.78467
1741,Q39818857Y,33.364857
1742,r62935175h,32.1518
1743,W-6196754y,73.989456
1744,g28641563H,74.63795
1745,j11454423o,43.53763
1746,F-1666827W,50.807846
1747,A21999620z,47.117966
1748,c75592211G,67.986984
1749,L-1701832m,68.72221
1750,k18648690J,33.750736
1751,h-1998519z,40.555946
1752,U-6212557F,44.813854
1753,e-2299648Q,68.76422
1754,s-1139976I,41.970203
1755,K-8425830Q,32.137146
1756,d22617101F,35.56624
1757,D17905231R,63.706215
1758,u13437959M,52.052547
1759,Z-9946732U,54.756382
1760,K-1500884y,34.664948
1761,c-1794298L,66.16806
1762,M15430763y,40.69389
1763,p-1264204Z,41.211037
1764,U38299579G,31.181581
1765,c56523775V,32.867954
1766,T38194151F,34.22466
1767,m-3164602H,31.333017
1768,n-1234064Z,39.385868
1769,J-1156067J,35.261154
1770,f-6526492s,69.610725
1771,l20269048F,35.9441
1772,B98720158A,47.819496
1773,C-1753458i,34.54807
1774,x21906434L,52.57091
1775,i13542684X,47.661182
1776,u-1875498r,50.591484
1777,X-1879171y,36.10072
1778,t21801419s,49.312244
1779,L21647080y,34.47726
1780,h-5026863d,74.49679
1781,T-3466939S,41.50799
1782,m12662735d,33.992947
1783,t14261623o,43.5674
1784,n-2837743g,45.583645
1785,e-2154304r,34.981346
1786,N-2215366J,32.948723
1787,g-1249815S,61.142315
1788,W-1215684E,31.697443
1789,A11461567u,45.915928
1790,L16034991d,58.957645
1791,L-2243568g,75.1363
1792,U11614816e,45.757984
1793,h-1908691k,48.7845
1794,S-1588766I,33.62909
1795,i-2841469F,39.52218
1796,W12646665I,37.401306
1797,P-2897916I,52.325535
1798,q-1324803Z,44.61598
1799,A-6570552N,30.995525
1800,k-1985555z,30.160946
1801,k13077603E,43.01957
1802,H11107062P,32.523006
1803,u-1297698j,53.462925
1804,R23868498r,40.40592
1805,N-1923238g,43.05958
1806,j-5320438l,33.477726
1807,M-2097633r,74.79265
1808,U52942046Z,29.42961
1809,h17001071q,50.788513
1810,R-1401948E,50.150593
1811,a-1738562d,31.88908
1812,R99178335S,33.77966
1813,t19157053h,33.237984
1814,m14758475e,48.666103
1815,B47711748K,47.070255
1816,t21884438y,38.73336
1817,V-2454314m,76.28688
1818,Z16920973J,32.504757
1819,b13641719v,54.15658
1820,X13092819Q,52.315105
1821,r14567820H,42.53623
1822,a-1296325M,42.435795
1823,v-1923353f,43.09155
1824,P75675086P,36.16367
1825,H-2270745P,38.402695
1826,f-1963567i,50.7137
1827,C19974180h,66.24787
1828,N39559408S,30.07742
1829,P-2227204H,34.3636
1830,P13046593R,38.228275
1831,k72805610d,34.490356
1832,N62378224U,46.202827
1833,j-1956405K,78.40041
1834,Q-1492285k,64.611176
1835,Q11700844e,56.039776
1836,E-3042252G,65.13334
1837,q-1872858i,76.17172
1838,h-1344515n,48.659035
1839,O-1383891v,34.460087
1840,X64881130C,34.478622
1841,U19015371f,47.563564
1842,R69641219y,49.832775
1843,M25907433E,33.93425
1844,e-1885009l,61.275677
1845,l-1959164P,39.791473
1846,M-9949056v,34.253628
1847,d-1302572o,57.697887
1848,f22323125D,44.281757
1849,d10736354y,33.77267
1850,w-3928877y,43.34427
1851,y13551852I,30.207293
1852,p-6352560b,30.538404
1853,i11460685H,33.40226
1854,r44913393N,34.643818
1855,S11426971O,30.131475
1856,S-4753227p,39.885612
1857,Z-9466103x,61.095833
1858,b86382646t,41.318153
1859,T-2294411h,37.808586
1860,f13646346O,30.386286
1861,k12390619M,31.416782
1862,p14822094P,31.251621
1863,y-1267351r,32.03139
1864,r10427446Y,31.660925
1865,Z21148829c,33.54705
1866,w15143755c,58.71631
1867,s12154911r,31.019783
1868,y76872086H,53.275024
1869,p15590759i,40.15422
1870,z-5067315t,51.187553
1871,H-1836769I,32.72645
1872,f-1042769Z,56.335735
1873,f16491132W,37.574936
1874,P21644134e,48.453133
1875,o67669876a,55.704674
1876,h-1414900L,46.921753
1877,i90456198D,48.389935
1878,B-2199737O,59.54873
1879,s-5157124G,67.79675
1880,q20798329k,48.899357
1881,b-6366825A,34.381317
1882,o16666830b,46.001057
1883,H-2456490y,34.304653
1884,p17190552s,32.952377
1885,P22575706L,44.634148
1886,W19937723D,51.39621
1887,p-2060516y,38.036404
1888,x13966371T,39.425877
1889,q53435481a,29.628782
1890,Q-9617805F,52.659985
1891,N59793228F,33.63404
1892,M52666824i,54.932983
1893,T-1009246T,32.909634
1894,f11409987C,53.42609
1895,z-7198780T,33.76255
1896,k-7951300Y,32.075043
1897,J19069143E,45.64094
1898,b-1597167C,50.679596
1899,O-6623929C,34.53862
1900,F14674957T,40.742752
1901,t82296586k,36.082817
1902,Z20453566w,45.307045
1903,J82279855E,37.560394
1904,n-2242535p,38.067448
1905,V-1226312R,33.98885
1906,v-7763664j,31.803802
1907,h-1179139J,31.39238
1908,x13640960Q,53.776688
1909,Z-2276652N,39.41063
1910,F-2165841B,33.66179
1911,x-1331529J,45.04691
1912,J-2127749D,51.607674
